{
  "service_name": "servicenow",
  "api_version": "v1",
  "endpoints": {
    "incident": {
      "enabled": true,
      "canonical_table": "tickets",
      "sync_frequency": "15min",
      "page_size": 1000,
      "order_by": "sys_updated_on",
      "incremental_field": "sys_updated_on",
      "description": "Incident tickets and requests"
    },
    "sys_user": {
      "enabled": true,
      "canonical_table": "contacts",
      "sync_frequency": "30min",
      "page_size": 1000,
      "order_by": "sys_updated_on",
      "incremental_field": "sys_updated_on",
      "description": "System users and contacts"
    },
    "core_company": {
      "enabled": true,
      "canonical_table": "companies",
      "sync_frequency": "30min",
      "page_size": 1000,
      "order_by": "sys_updated_on",
      "incremental_field": "sys_updated_on",
      "description": "Companies and organizations"
    },
    "time_card": {
      "enabled": true,
      "canonical_table": "time_entries",
      "sync_frequency": "15min",
      "page_size": 1000,
      "order_by": "sys_updated_on",
      "incremental_field": "sys_updated_on",
      "description": "Time tracking entries"
    },
    "change_request": {
      "enabled": false,
      "canonical_table": "change_requests",
      "sync_frequency": "30min",
      "page_size": 1000,
      "order_by": "sys_updated_on",
      "incremental_field": "sys_updated_on",
      "description": "Change management requests"
    },
    "problem": {
      "enabled": false,
      "canonical_table": "problems",
      "sync_frequency": "30min",
      "page_size": 1000,
      "order_by": "sys_updated_on",
      "incremental_field": "sys_updated_on",
      "description": "Problem management records"
    },
    "cmdb_ci": {
      "enabled": false,
      "canonical_table": "configuration_items",
      "sync_frequency": "60min",
      "page_size": 1000,
      "order_by": "sys_updated_on",
      "incremental_field": "sys_updated_on",
      "description": "Configuration management database items"
    }
  },
  "authentication": {
    "type": "oauth2",
    "grant_type": "client_credentials",
    "scope": "useraccount",
    "token_endpoint": "/oauth_token.do"
  },
  "rate_limiting": {
    "requests_per_minute": 100,
    "burst_limit": 20,
    "retry_strategy": "exponential_backoff"
  },
  "error_handling": {
    "retry_attempts": 3,
    "retry_delay_seconds": 5,
    "timeout_seconds": 30
  }
}