{
  "connectwise": {
    "company/contacts": {
      "id": "id",
      "company_id": "company__id",
      "company_name": "company__name",
      "first_name": "firstName",
      "last_name": "lastName",
      "title": "title",
      "school": "school",
      "nickname": "nickName",
      "married_flag": "marriedFlag",
      "children_flag": "childrenFlag",
      "significant_other": "significantOther",
      "portal_password": "portalPassword",
      "portal_security_level": "portalSecurityLevel",
      "disable_portal_login_flag": "disablePortalLoginFlag",
      "unsubscribe_flag": "unsubscribeFlag",
      "gender": "gender",
      "birth_day": "birthDay",
      "anniversary": "anniversary",
      "presence": "presence",
      "mobile_guid": "mobileGuid",
      "facebook_url": "facebookUrl",
      "twitter_url": "twitterUrl",
      "linked_in_url": "linkedInUrl",
      "default_merge_contact_id": "defaultMergeContactId",
      "sync_guid": "syncGuid",
      "manager_contact_id": "managerContact__id",
      "manager_contact_name": "managerContact__name",
      "assistant_contact_id": "assistantContact__id",
      "assistant_contact_name": "assistantContact__name",
      "address_line1": "addressLine1",
      "address_line2": "addressLine2",
      "city": "city",
      "state": "state",
      "zip": "zip",
      "country": "country__name",
      "relationship": "relationship__name",
      "type": "type__name",
      "department": "department__name",
      "inactive_flag": "inactiveFlag",
      "default_phone_type": "defaultPhoneType",
      "default_phone_number": "defaultPhoneNumber",
      "default_phone_extension": "defaultPhoneExtension",
      "default_email_type": "defaultEmailType",
      "default_email_address": "defaultEmailAddress",
      "last_updated": "_info__lastUpdated",
      "last_updated_by": "_info__updatedBy"
    }
  },
  "servicenow": {
    "sys_user": {
      "id": "sys_id",
      "company_id": "company.sys_id",
      "company_name": "company.name",
      "first_name": "first_name",
      "last_name": "last_name",
      "title": "title",
      "address_line1": "street",
      "city": "city",
      "state": "state",
      "zip": "zip",
      "country": "country",
      "department": "department.name",
      "default_phone_number": "phone",
      "default_email_address": "email",
      "last_updated": "sys_updated_on",
      "last_updated_by": "sys_updated_by"
    }
  },
  "salesforce": {
    "Contact": {
      "id": "Id",
      "company_id": "AccountId",
      "first_name": "FirstName",
      "last_name": "LastName",
      "title": "Title",
      "address_line1": "MailingStreet",
      "city": "MailingCity",
      "state": "MailingState",
      "zip": "MailingPostalCode",
      "country": "MailingCountry",
      "department": "Department",
      "default_phone_number": "Phone",
      "default_email_address": "Email",
      "last_updated": "LastModifiedDate",
      "last_updated_by": "LastModifiedById"
    }
  }
}