{
  "default_settings": {
    "chunk_size_days": 30,
    "max_concurrent_jobs": 5,
    "retry_attempts": 3,
    "timeout_hours": 24
  },
  "service_settings": {
    "connectwise": {
      "default_lookback_days": 730,
      "chunk_size_days": 30,
      "rate_limit_requests_per_minute": 200,
      "priority_endpoints": [
        "service/tickets",
        "time/entries",
        "company/companies",
        "company/contacts"
      ],
      "optional_endpoints": [
        "procurement/products",
        "finance/agreements",
        "project/projects",
        "system/members"
      ]
    },
    "servicenow": {
      "default_lookback_days": 365,
      "chunk_size_days": 14,
      "rate_limit_requests_per_minute": 100,
      "priority_endpoints": [
        "incident",
        "change_request",
        "problem",
        "user"
      ]
    },
    "salesforce": {
      "default_lookback_days": 1095,
      "chunk_size_days": 7,
      "rate_limit_requests_per_minute": 1000,
      "priority_endpoints": [
        "Account",
        "Contact",
        "Opportunity",
        "Case",
        "Lead"
      ]
    }
  },
  "tenant_overrides": {
    "example_tenant_id": {
      "connectwise": {
        "default_lookback_days": 365,
        "chunk_size_days": 14
      }
    }
  },
  "scheduling": {
    "auto_detect_frequency_minutes": 60,
    "max_parallel_tenants": 3,
    "backfill_window_hours": {
      "start": 22,
      "end": 6
    }
  },
  "monitoring": {
    "progress_update_frequency_chunks": 10,
    "alert_on_failure_threshold": 3,
    "max_execution_time_hours": 24,
    "cleanup_completed_jobs_after_days": 30
  }
}