{
  "connectwise": {
    "company/companies": {
      "id": "id",
      "company_name": "name",
      "company_identifier": "identifier",
      "company_type": "type__name",
      "status": "status__name",
      "address_line1": "addressLine1",
      "address_line2": "addressLine2",
      "city": "city",
      "state": "state",
      "zip": "zip",
      "country": "country__name",
      "phone_number": "phoneNumber",
      "fax_number": "faxNumber",
      "website": "website",
      "territory_id": "territory__id",
      "territory_name": "territory__name",
      "market_id": "market__id",
      "market_name": "market__name",
      "account_number": "accountNumber",
      "default_contact_id": "defaultContact__id",
      "default_contact_name": "defaultContact__name",
      "date_acquired": "dateAcquired",
      "annual_revenue": "annualRevenue",
      "number_of_employees": "numberOfEmployees",
      "ownership_type": "ownershipType__name",
      "time_zone": "timeZone__name",
      "lead_source": "leadSource",
      "lead_flag": "leadFlag",
      "unsubscribe_flag": "unsubscribeFlag",
      "calendar_id": "calendar__id",
      "vendor_identifier": "vendorIdentifier",
      "tax_identifier": "taxIdentifier",
      "tax_code": "taxCode__name",
      "billing_contact_id": "billingContact__id",
      "billing_contact_name": "billingContact__name",
      "invoice_template_id": "invoiceTemplate__id",
      "price_schedule_id": "priceSchedule__id",
      "company_entity_type": "companyEntityType__name",
      "bill_to_company_id": "billToCompany__id",
      "bill_to_company_name": "billToCompany__name",
      "billing_terms": "billingTerms__name",
      "invoice_delivery_method": "invoiceDeliveryMethod__name",
      "currency_id": "currency__id",
      "currency_symbol": "currency__symbol",
      "last_updated": "_info__lastUpdated",
      "last_updated_by": "_info__updatedBy"
    }
  },
  "servicenow": {
    "core_company": {
      "id": "sys_id",
      "company_name": "name",
      "company_identifier": "stock_symbol",
      "status": "state",
      "address_line1": "street",
      "city": "city",
      "state": "state",
      "zip": "zip",
      "country": "country",
      "phone_number": "phone",
      "fax_number": "fax_phone",
      "website": "website",
      "number_of_employees": "employees",
      "last_updated": "sys_updated_on",
      "last_updated_by": "sys_updated_by"
    }
  },
  "salesforce": {
    "Account": {
      "id": "Id",
      "company_name": "Name",
      "company_type": "Type",
      "address_line1": "BillingStreet",
      "city": "BillingCity",
      "state": "BillingState",
      "zip": "BillingPostalCode",
      "country": "BillingCountry",
      "phone_number": "Phone",
      "fax_number": "Fax",
      "website": "Website",
      "annual_revenue": "AnnualRevenue",
      "number_of_employees": "NumberOfEmployees",
      "last_updated": "LastModifiedDate",
      "last_updated_by": "LastModifiedById"
    }
  }
}