{
  "connectwise": {
    "time/entries": {
      "id": "id",
      "company_id": "company__id",
      "company_name": "company__name",
      "charge_to_id": "chargeToId",
      "charge_to_type": "chargeToType",
      "member_id": "member__id",
      "member_name": "member__name",
      "location_id": "locationId",
      "business_unit_id": "businessUnitId",
      "work_type_id": "workType__id",
      "work_type_name": "workType__name",
      "work_role_id": "workRole__id",
      "work_role_name": "workRole__name",
      "agreement_id": "agreement__id",
      "agreement_name": "agreement__name",
      "time_start": "timeStart",
      "time_end": "timeEnd",
      "hours_deduct": "hoursDeduct",
      "actual_hours": "actualHours",
      "billable_option": "billableOption",
      "notes": "notes",
      "internal_notes": "internalNotes",
      "date_entered": "dateEntered",
      "entered_by": "enteredBy",
      "last_updated": "_info__lastUpdated",
      "last_updated_by": "_info__updatedBy"
    }
  },
  "servicenow": {
    "time_card": {
      "id": "sys_id",
      "company_id": "company.sys_id",
      "company_name": "company.name",
      "member_id": "user.sys_id",
      "member_name": "user.name",
      "work_type_id": "work_type.sys_id",
      "work_type_name": "work_type.name",
      "time_start": "start_time",
      "time_end": "end_time",
      "actual_hours": "duration",
      "notes": "description",
      "date_entered": "sys_created_on",
      "entered_by": "sys_created_by",
      "last_updated": "sys_updated_on",
      "last_updated_by": "sys_updated_by"
    }
  }
}